{"cameraMode":{"drawMode":0,"name":"Shaded","section":"Shading Mode"},"sceneLighting":false,"audioPlay":false,"sceneViewState":{"m_AlwaysRefresh":false,"showFog":true,"showSkybox":false,"showFlares":true,"showImageEffects":true,"showParticleSystems":true,"showVisualEffectGraphs":true,"m_FxEnabled":true},"in2DMode":false,"pivot":{"x":0.06783352047204972,"y":-0.04905892163515091,"z":-0.049783311784267429},"rotation":{"x":-0.042978186160326007,"y":0.941993772983551,"z":-0.30538618564605715,"w":-0.13256125152111054},"size":0.07683051377534867,"orthographic":false}