{"cameraMode":{"drawMode":0,"name":"Shaded","section":"Shading Mode"},"sceneLighting":true,"audioPlay":false,"sceneViewState":{"m_AlwaysRefresh":false,"showFog":true,"showSkybox":true,"showFlares":true,"showImageEffects":true,"showParticleSystems":true,"showVisualEffectGraphs":true,"m_FxEnabled":true},"in2DMode":false,"pivot":{"x":0.6045612096786499,"y":-2.9863908290863039,"z":15.883140563964844},"rotation":{"x":0.1456097960472107,"y":0.1285748928785324,"z":-0.01880059577524662,"w":0.9810524582862854},"size":6.781139373779297,"orthographic":false}